{"data":{"allWpInformation":{"edges":[{"node":{"id":"cG9zdDo2OA==","informationACF":{"closed":"Monday","copyright":"Greens International Paihia Limited.","email":"info@delhi6.co.nz","facebook":"https://www.facebook.com/delhi6theindiankitchen/","menuLog":"https://www.menulog.co.nz/restaurants-delhi-6-the-indian-kitchen/menu","openingHours":"4:30pm–9:30pm","phone":"09 402 8400","tripAdvisor":"https://www.tripadvisor.co.nz/Restaurant_Review-g255110-d17323410-Reviews-Delhi_6-Paihia_Bay_of_Islands_Northland_Region_North_Island.html","region":"Bay Of Islands, Paihia 0200","streetAddress":"1st Floor, 41B Williams Road "}}}]}}}