{"data":{"allWpFaq":{"edges":[{"node":{"title":"Lorem ipsum dolor sit amet, consectetur adipiscing elit?","content":"<p>Lorem ipsum dolor sit amet, consectetur adipiscing elit. Lorem ipsum dolor sit amet, consectetur adipiscing elit. Lorem ipsum dolor sit amet, consectetur adipiscing elit.</p>\n","id":"cG9zdDo2MTQ="}},{"node":{"title":"Lorem ipsum dolor sit amet, consectetur adipiscing elit?","content":"<p>Lorem ipsum dolor sit amet, consectetur adipiscing elit. Lorem ipsum dolor sit amet, consectetur adipiscing elit. Lorem ipsum dolor sit amet, consectetur adipiscing elit.</p>\n","id":"cG9zdDo2MTI="}},{"node":{"title":"Lorem ipsum dolor sit amet, consectetur adipiscing elit?","content":"<p>Lorem ipsum dolor sit amet, consectetur adipiscing elit. Lorem ipsum dolor sit amet, consectetur adipiscing elit. Lorem ipsum dolor sit amet, consectetur adipiscing elit.</p>\n","id":"cG9zdDo2MTA="}},{"node":{"title":"Lorem ipsum dolor sit amet, consectetur adipiscing elit?","content":"<p>Lorem ipsum dolor sit amet, consectetur adipiscing elit. Lorem ipsum dolor sit amet, consectetur adipiscing elit. Lorem ipsum dolor sit amet, consectetur adipiscing elit.</p>\n","id":"cG9zdDo2MDg="}},{"node":{"title":"Lorem ipsum dolor sit amet, consectetur adipiscing elit?","content":"<p>Lorem ipsum dolor sit amet, consectetur adipiscing elit. Lorem ipsum dolor sit amet, consectetur adipiscing elit. Lorem ipsum dolor sit amet, consectetur adipiscing elit.</p>\n","id":"cG9zdDo2MDY="}},{"node":{"title":"Lorem ipsum dolor sit amet, consectetur adipiscing elit?","content":"<p>Lorem ipsum dolor sit amet, consectetur adipiscing elit. Lorem ipsum dolor sit amet, consectetur adipiscing elit. Lorem ipsum dolor sit amet, consectetur adipiscing elit.</p>\n","id":"cG9zdDo2MDQ="}},{"node":{"title":"Lorem ipsum dolor sit amet, consectetur adipiscing elit?","content":"<p>Lorem ipsum dolor sit amet, consectetur adipiscing elit. Lorem ipsum dolor sit amet, consectetur adipiscing elit. Lorem ipsum dolor sit amet, consectetur adipiscing elit.</p>\n","id":"cG9zdDo2MDA="}}]}}}