{"data":{"allWpInformation":{"edges":[{"node":{"informationACF":{"logo":{"localFile":{"id":"db97c4f2-17ff-514a-8fc6-2abe03c8dd2f","childImageSharp":{"id":"34938ed1-f439-56ba-809c-f31078fa98dc","gatsbyImageData":{"layout":"constrained","backgroundColor":"#080808","images":{"fallback":{"src":"/static/26d95815d8a7016aad4c58d41d9105f1/f8529/cropped-Delhi.png","srcSet":"/static/26d95815d8a7016aad4c58d41d9105f1/0cd6d/cropped-Delhi.png 197w,\n/static/26d95815d8a7016aad4c58d41d9105f1/51636/cropped-Delhi.png 393w,\n/static/26d95815d8a7016aad4c58d41d9105f1/f8529/cropped-Delhi.png 786w","sizes":"(min-width: 786px) 786px, 100vw"},"sources":[{"srcSet":"/static/26d95815d8a7016aad4c58d41d9105f1/5a491/cropped-Delhi.webp 197w,\n/static/26d95815d8a7016aad4c58d41d9105f1/cc8c7/cropped-Delhi.webp 393w,\n/static/26d95815d8a7016aad4c58d41d9105f1/78ded/cropped-Delhi.webp 786w","type":"image/webp","sizes":"(min-width: 786px) 786px, 100vw"}]},"width":786,"height":556}}}}}}}]}}}