{"polyfill":["/polyfill-de382ff040ab7e9f5cfb.js"],"app":["/app-056699887d109130b7d0.js"],"component---src-pages-404-js":["/component---src-pages-404-js-f6f7b9fffaefea700f0b.js"],"component---src-pages-about-js":["/component---src-pages-about-js-840c8708381d6a732ef9.js"],"component---src-pages-contact-js":["/component---src-pages-contact-js-ec8dc2053d430919c9dd.js"],"component---src-pages-dine-in-menu-js":["/component---src-pages-dine-in-menu-js-48cd6c5f220183b6d5ce.js"],"component---src-pages-gallery-js":["/component---src-pages-gallery-js-051b2918ed13d82db661.js"],"component---src-pages-index-js":["/component---src-pages-index-js-da93b8c5700b3c81d54e.js"]}