{"namedChunkGroups":{"polyfill":{"name":"polyfill","assets":[{"name":"webpack-runtime-742de6a8d11120246bf9.js","size":5473},{"name":"commons-bea00d6e759145d9c0a8.js","size":9679},{"name":"polyfill-de382ff040ab7e9f5cfb.js","size":83926}],"filteredAssets":0,"assetsSize":99078,"filteredAuxiliaryAssets":3,"auxiliaryAssetsSize":273800},"app":{"name":"app","assets":[{"name":"webpack-runtime-742de6a8d11120246bf9.js","size":5473},{"name":"styles.193e76285e75bc5d84f4.css","size":148204},{"name":"framework-3ecf492023e41a737af3.js","size":129913},{"name":"app-056699887d109130b7d0.js","size":71610}],"filteredAssets":0,"assetsSize":355200,"filteredAuxiliaryAssets":3,"auxiliaryAssetsSize":664654},"component---src-pages-404-js":{"name":"component---src-pages-404-js","assets":[{"name":"component---src-pages-404-js-f6f7b9fffaefea700f0b.js","size":800}],"filteredAssets":0,"assetsSize":800,"filteredAuxiliaryAssets":1,"auxiliaryAssetsSize":1879},"component---src-pages-about-js":{"name":"component---src-pages-about-js","assets":[{"name":"styles.193e76285e75bc5d84f4.css","size":148204},{"name":"c943faba-dc1948debe03d1ab05ea.js","size":1821},{"name":"af13d906-4218f4a7273935978fdf.js","size":621},{"name":"cb1608f2-1a578ca275f052a76702.js","size":622},{"name":"dbf3ce33-2616b617b4d5ffcc2fff.js","size":301798},{"name":"commons-bea00d6e759145d9c0a8.js","size":9679},{"name":"6a4e25e3e83108c64adc24b5c86ff91e19c915c8-47b22f991a88367c30ac.js","size":94760},{"name":"component---src-pages-about-js-840c8708381d6a732ef9.js","size":6286}],"filteredAssets":0,"assetsSize":563791,"filteredAuxiliaryAssets":8,"auxiliaryAssetsSize":5419562},"component---src-pages-contact-js":{"name":"component---src-pages-contact-js","assets":[{"name":"styles.193e76285e75bc5d84f4.css","size":148204},{"name":"c943faba-dc1948debe03d1ab05ea.js","size":1821},{"name":"af13d906-4218f4a7273935978fdf.js","size":621},{"name":"cb1608f2-1a578ca275f052a76702.js","size":622},{"name":"dbf3ce33-2616b617b4d5ffcc2fff.js","size":301798},{"name":"commons-bea00d6e759145d9c0a8.js","size":9679},{"name":"6a4e25e3e83108c64adc24b5c86ff91e19c915c8-47b22f991a88367c30ac.js","size":94760},{"name":"d45264a4de1f650f185c596d620c9318dc1eb06b-d9008c5a70aa0291bed5.js","size":15409},{"name":"component---src-pages-contact-js-ec8dc2053d430919c9dd.js","size":4432}],"filteredAssets":0,"assetsSize":577346,"filteredAuxiliaryAssets":8,"auxiliaryAssetsSize":5420865},"component---src-pages-dine-in-menu-js":{"name":"component---src-pages-dine-in-menu-js","assets":[{"name":"styles.193e76285e75bc5d84f4.css","size":148204},{"name":"c943faba-dc1948debe03d1ab05ea.js","size":1821},{"name":"af13d906-4218f4a7273935978fdf.js","size":621},{"name":"cb1608f2-1a578ca275f052a76702.js","size":622},{"name":"dbf3ce33-2616b617b4d5ffcc2fff.js","size":301798},{"name":"commons-bea00d6e759145d9c0a8.js","size":9679},{"name":"6a4e25e3e83108c64adc24b5c86ff91e19c915c8-47b22f991a88367c30ac.js","size":94760},{"name":"component---src-pages-dine-in-menu-js-48cd6c5f220183b6d5ce.js","size":12300}],"filteredAssets":0,"assetsSize":569805,"filteredAuxiliaryAssets":7,"auxiliaryAssetsSize":5382041},"component---src-pages-gallery-js":{"name":"component---src-pages-gallery-js","assets":[{"name":"styles.193e76285e75bc5d84f4.css","size":148204},{"name":"c943faba-dc1948debe03d1ab05ea.js","size":1821},{"name":"af13d906-4218f4a7273935978fdf.js","size":621},{"name":"cb1608f2-1a578ca275f052a76702.js","size":622},{"name":"dbf3ce33-2616b617b4d5ffcc2fff.js","size":301798},{"name":"commons-bea00d6e759145d9c0a8.js","size":9679},{"name":"6a4e25e3e83108c64adc24b5c86ff91e19c915c8-47b22f991a88367c30ac.js","size":94760},{"name":"component---src-pages-gallery-js-051b2918ed13d82db661.js","size":2036}],"filteredAssets":0,"assetsSize":559541,"filteredAuxiliaryAssets":7,"auxiliaryAssetsSize":5347891},"component---src-pages-index-js":{"name":"component---src-pages-index-js","assets":[{"name":"styles.193e76285e75bc5d84f4.css","size":148204},{"name":"c943faba-dc1948debe03d1ab05ea.js","size":1821},{"name":"af13d906-4218f4a7273935978fdf.js","size":621},{"name":"cb1608f2-1a578ca275f052a76702.js","size":622},{"name":"dbf3ce33-2616b617b4d5ffcc2fff.js","size":301798},{"name":"commons-bea00d6e759145d9c0a8.js","size":9679},{"name":"6a4e25e3e83108c64adc24b5c86ff91e19c915c8-47b22f991a88367c30ac.js","size":94760},{"name":"d45264a4de1f650f185c596d620c9318dc1eb06b-d9008c5a70aa0291bed5.js","size":15409},{"name":"component---src-pages-index-js-da93b8c5700b3c81d54e.js","size":37616}],"filteredAssets":0,"assetsSize":610530,"filteredAuxiliaryAssets":9,"auxiliaryAssetsSize":5600561}},"assetsByChunkName":{"polyfill":["webpack-runtime-742de6a8d11120246bf9.js","commons-bea00d6e759145d9c0a8.js","polyfill-de382ff040ab7e9f5cfb.js"],"app":["webpack-runtime-742de6a8d11120246bf9.js","styles.193e76285e75bc5d84f4.css","framework-3ecf492023e41a737af3.js","app-056699887d109130b7d0.js"],"component---src-pages-404-js":["component---src-pages-404-js-f6f7b9fffaefea700f0b.js"],"component---src-pages-about-js":["styles.193e76285e75bc5d84f4.css","c943faba-dc1948debe03d1ab05ea.js","af13d906-4218f4a7273935978fdf.js","cb1608f2-1a578ca275f052a76702.js","dbf3ce33-2616b617b4d5ffcc2fff.js","commons-bea00d6e759145d9c0a8.js","6a4e25e3e83108c64adc24b5c86ff91e19c915c8-47b22f991a88367c30ac.js","component---src-pages-about-js-840c8708381d6a732ef9.js"],"component---src-pages-contact-js":["styles.193e76285e75bc5d84f4.css","c943faba-dc1948debe03d1ab05ea.js","af13d906-4218f4a7273935978fdf.js","cb1608f2-1a578ca275f052a76702.js","dbf3ce33-2616b617b4d5ffcc2fff.js","commons-bea00d6e759145d9c0a8.js","6a4e25e3e83108c64adc24b5c86ff91e19c915c8-47b22f991a88367c30ac.js","d45264a4de1f650f185c596d620c9318dc1eb06b-d9008c5a70aa0291bed5.js","component---src-pages-contact-js-ec8dc2053d430919c9dd.js"],"component---src-pages-dine-in-menu-js":["styles.193e76285e75bc5d84f4.css","c943faba-dc1948debe03d1ab05ea.js","af13d906-4218f4a7273935978fdf.js","cb1608f2-1a578ca275f052a76702.js","dbf3ce33-2616b617b4d5ffcc2fff.js","commons-bea00d6e759145d9c0a8.js","6a4e25e3e83108c64adc24b5c86ff91e19c915c8-47b22f991a88367c30ac.js","component---src-pages-dine-in-menu-js-48cd6c5f220183b6d5ce.js"],"component---src-pages-gallery-js":["styles.193e76285e75bc5d84f4.css","c943faba-dc1948debe03d1ab05ea.js","af13d906-4218f4a7273935978fdf.js","cb1608f2-1a578ca275f052a76702.js","dbf3ce33-2616b617b4d5ffcc2fff.js","commons-bea00d6e759145d9c0a8.js","6a4e25e3e83108c64adc24b5c86ff91e19c915c8-47b22f991a88367c30ac.js","component---src-pages-gallery-js-051b2918ed13d82db661.js"],"component---src-pages-index-js":["styles.193e76285e75bc5d84f4.css","c943faba-dc1948debe03d1ab05ea.js","af13d906-4218f4a7273935978fdf.js","cb1608f2-1a578ca275f052a76702.js","dbf3ce33-2616b617b4d5ffcc2fff.js","commons-bea00d6e759145d9c0a8.js","6a4e25e3e83108c64adc24b5c86ff91e19c915c8-47b22f991a88367c30ac.js","d45264a4de1f650f185c596d620c9318dc1eb06b-d9008c5a70aa0291bed5.js","component---src-pages-index-js-da93b8c5700b3c81d54e.js"]},"childAssetsByChunkName":{}}